Text,Category,Source
"Унікальна пропозиція в тихому і затишному куточку Печерська біля Ботанічного саду Гришка. 
Дворівнева сталінка за найкращою ціною. Перший рівень кухня- вітальня і санвузол, балкон у тихий двір. Другий рівень під ремонт. Можна розпланувати на 3 окремі кімнати, гардеробну і просторий санвузол. Був повністю замінений дах у будинку у 2024 році. Мансардні вікна які були раніше в наявності, але потребують повторного монтажу у дах. Обʼєкт унікальний за технічними характеристиками і ціною, хоч і потребує коштів щоб до остаточної реновації. 
В цьому будинку розташована бібліотека ім. Катерини Білокур, поруч бомбосховище, 2 школи, дитячий садок, лікарня, метро Звіринецька (Дружби Народів) і ботанічний сад. 
Документи готові до угоди. Записуйтесь на перегляд. Такої другої квартири ви не знайдете!",3-room,LUN
"Найкраща пропозиція на ринку! Квартира та два паркомісця в підземному паркінгу у клубному будинку за 310 000$! 
Квартира унікальна за своїми характеристиками, зі стелями від 3,4м до 4,8м, двома великими балконами-терасами та французським балконом у тихий затишний двір. 
 Будинок введений в експлуатацію, активно заселяється. Преміальна якість забудови - від оздоблення фасаду травертином, цегляних стін до мармурових підлог у підіздах. Ліфт йде у підземний паркінг, одразу до сімейного машиномісця яке входить у вартість! 
Такі пропозиції бувають раз на життя, перегляд у зручний час, телефонуйте прямо зараз!",3-room,LUN
"Продам видову 3-кімнатну квартиру в ЖК “Козацький”, вул. Гарматна, 38-А.
Власник. Без комісії.

10 поверх із 19
Загальна площа — 100,1 м²

Планування:
3 окремі кімнати
кухня — 12,9 м²
лоджія — 7 м² + 0,8 м²
гардеробна — 2,4 м²
просторий коридор
роздільний санвузол

Стан:
якісний ремонт
повністю укомплектована
меблі та техніка залишаються
можна заїжджати одразу

Вид:
видова квартира
вікна з кімнат і кухні виходять на парк Орлятко
гарний відкритий простір без забудови

Переваги:
будинок з резервним живленням
ліфт, вода і тепло працюють навіть при відключеннях

Опалення:
індивідуальний облік тепла
тепла підлога (ванна + лоджія)
кондиціонери в кожній кімнаті та кухні

Додатково:
система очищення води + осмос
якісна електрика (індивідуальний проєкт)
відеоспостереження в ЖК та на території комплексу

Локація:
тихий зелений район
парк Орлятко поруч
швидкісний трамвай — зручний доїзд у центр
школи, садочки, НАУ

Документи:
право власності більше 3-х років
мінімальні витрати при оформленні

Є актуальне відео квартири — надішлю за запитом

Квартира продається власником.

Квартира може стати основним місцем проживання або гарною інвестицією. Телефонуйте! 

Ріелторам прохання не дублювати оголошення!!! 
Всі питання в ОП. 

06*********00
(Viber / Telegram / WhatsApp)
Катерина",3-room,LUN
"3-кімнатна квартира | вул. Ревуцького, 44 | Дарницький район | м. Харківська — 3 хв

Продається унікальна простора трикімнатна квартира на безпечному першому поверсі у доглянутому будинку серії АППС. Аналогів на ринку немає. Ідеальний варіант для сім’ї, яка цінує комфорт, тишу та розвинену інфраструктуру.

ПРО БУДИНОК
- Будинок серії АППС
- 16 поверхів, рік будівництва — 1995
- Висота стелі — 2,75 м
- Чисте парадне, нові ліфти
- Поштомат у під’їзді
- Будинок обслуговує професійна управляюча компанія

ПРО КВАРТИРУ
- 82 м² загальної площі
 - Роздільне планування
- Прихожа закритого типу
- Просторий хол — 19,2 м²
- Три окремі спальні: 12 / 12 / 18 м²
- Кухня — 8,4 м²
- Роздільний санвузол

Квартира розташована в середині будинку, тиха, тепла та затишна.

СТАН ТА ОСНАЩЕННЯ
- Охайний косметичний ремонт
- Металопластикові енергоощадні вікна по всій квартирі
- Решітки на вікнах (безпечно для дітей)

Підлога:
– паркетна дошка + ковролін у кімнатах
– лінолеум на кухні
– плитка у санвузлах та кухні (стіни + підлога)

Комунікації в хорошому стані

Реверсне опалення будинку

Під час відключень світла є вода та опалення

Встановлені всі лічильники

Квартира продається без меблів та техніки — ідеально для створення інтер’єру під себе.

БОНУС
Власний просторий підвал з електроенергією — зручно для зберігання продуктів і речей

 ІНФРАСТРУКТУРА
- 3 хв пішки до м. Харківська
- 2 школи: ліцей №316 та школа «Інтелект» (з найвищим рейтингом в Україні)
- 2 дитячі садочки
- Магазини, ринок, ТРЦ, фітнес, сервіси
- 1 хв до озера: купання, риболовля, прогулянки, ковзанка взимку

Ідеальне місце для комфортного життя всієї родини в Києві.

Телефонуйте та записуйтесь на перегляд — квартира варта вашої уваги.",3-room,LUN
"Продаж 3-кімнатної квартири за адресою: м. Київ, вул. Анни Ахматової, 30
Підходить під державні програми!

Пропонуємо простору, світлу та функціональну квартиру у сучасному монолітно-каркасному будинку. Житло має комфортне планування і чудово підійде для сім’ї.

Основні характеристики:
• Три окремі кімнати
• Простора окрема кухня
• Два балкони
• Два санвузли
• Центральне опалення
• Тепла, тиха квартира з якісними вікнами
• Будинок доглянутий, чисті під’їзди, швидкі ліфти

Переваги локації:
• Зручна транспортна доступність, поруч громадський транспорт
• Недалеко станція метро
• У пішій доступності школи, садки
• Супермаркети, магазини, аптеки, ринки
• Парк та зони відпочинку
• Поруч ТРЦ, кафе, спортивні клуби

Квартира підходить як для проживання, так і для інвестиції.


Телефон: 063-359-99-39 Світлана
Телефон: 067-716-36-20 Тетяна

АН «Time To Home»",3-room,LUN
"Продаж просторої 3-кімнатної квартири в Солом’янському районі
Підходить під державні програми!

Київ, вул. Лисичанська, 29
142,2 м2| 5/5 поверх (мансардний)

Переваги квартири:
• Мансардний поверх.
• Простора вітальня, окрема кухня та 2 ізольовані кімнати — зручно для сім’ї.
• Дві гардеробні для комфортного зберігання речей.
• Окремі приміщення: санвузол + ванна кімната.
• Цегляний будинок із хорошою тепло- та шумоізоляцією.
• Будинок клубного типу — охайний під’їзд та спокійне оточення.
• Солом’янський район: поруч школи, садочки, супермаркети, аптеки, пошта, зелені зони.
• Зручна транспортна розв’язка, швидкий доступ до різних районів Києва.

Квартиру також можна використовувати під офіс чи інший вид діяльності.


Телефонуйте для перегляду:
063-359-99-39 Світлана
067-716-36-20 Тетяна

АН «Time To Home»",3-room,LUN
"Стильна квартира в інноваційному ЖК UNIT.Home
Продаж дизайнерської квартири у самому серці першого в Україні інноваційного парку — UNIT.Home. Це не просто нерухомість, це стиль життя в екосистемі, де технології, безпека та комфорт обєднані в єдине ціле.

Про квартиру: Простір та Функціональність

Квартира розташована на 2-му поверсі, загальна площа — 75 м². Завдяки висоті стель 2.85 м та панорамному склінню, простір наповнений світлом.

Ідеальне планування для життя:

Кухня-вітальня: Простора open-space зона з виходом на власний балкон. Велика вітальня з розкладним диваном — ідеальне місце для відпочинку та прийому гостей.

Master Bedroom: Затишна спальня з власною гардеробною кімнатою та великим санвузлом (встановлена повноцінна ванна).

Кабінет / Дитяча: Універсальна кімната, яку можна адаптувати під ваші потреби.

Гостьовий санвузол: Зручно розташований при вході.

Господарська зона: Окреме місце під пральну та сушильну машини з виходом на другий балкон.

Технологічне наповнення та комфорт

В квартирі виконано новий ремонт з використанням преміальних матеріалів:

Побутова техніка: Повний комплект від Samsung (надійність та сучасний дизайн).

Клімат-контроль: Кондиціонери у кожній кімнаті; у санвузлах встановлена тепла підлога.

Мультимедіа: Величезний телевізор діагоналлю 65 дюймів.

Автономність: Бойлер на 100 літрів для вашого спокою.

️ ЖК UNIT.Home — Місто в місті

Це найбільш захищений та інноваційний комплекс бізнес-класу в Києві:

Безпека 24/7: Закрита територія, відеоспостереження, система розпізнавання облич та номерів авто, патрулювання території (власна служба безпеки та дрони).

Інфраструктура майбутнього: На території UNIT.City працюють коворкінги, ресторани (UNIT.Cafe), фітнес-центр UNIT.Gym, медичний центр та інноваційна школа.

Екосистема: Велопрокат, зони для вигулу тварин, зарядки для електромобілів у підземному паркінгу.

Локація та оточення

Транспорт: 15-20 хвилин пішки до станцій метро «Дорогожичі» або «Лукянівська».

Зелені зони: Поруч знаходяться Кирилівський Гай, Сирецький парк та парк ім. Котляревського.

Сервіс: Поруч супермаркети, поштові відділення (Нова Пошта, Rozetka) та банки.

Юридичні деталі

Документам менше 3-х років (податки сплачуються).

Розглядаємо продаж за Державними програмами (єОселя, сертифікати тощо).

Ця квартира — ідеальна інвестиція в якість життя та власний комфорт у найбільш прогресивній локації столиці.

Зацікавила пропозиція? Телефонуйте, щоб домовитися про перегляд та побачити все на власні очі!

#A27663",3-room,LUN
"Продаж ексклюзивної 4-кімнатної квартирі в ЖК Skyline Residence, Печерськ, вул. Євгена Коновальця, 26А, Центр.

Площа: 130 м²,
Поверх 12/25
Є генератор все працює під час відключень електроенергіі.

Планування одне з кращих в будинку, правильна форма квартири:
Кухня-вітальня (меблі Diesel);
Головна спальня;
Дитяча з двома ліжками;
Кабінет/дитяча;
2 санвузли (з ванною та душем);
Пральня
Балкон

Дизайн і техніка:
Авторський ремонт, кухня й меблі Diesel, техніка преміум-класу Miele. Встановлено ""розумний дім"", підігрів підлоги, кондиціювання, управління шторами з пульта. В квартиру вкладено біля 500к.

Skyline Residence/ Скайлайн це клубний формат ЖК із презентабельною вхідною групою та окремою лаунж-зоною для ділових зустрічей, бібліотека, дитячий майданчик, BBQ-зоною, підземним паркінгом, територія під охороною 24/7 і автономною котельнею.

Дзвоніть для деталей та перегляду! Є відеоогляд.
Ціна включає 2 паркомісця!

Для рієлторів є СПП.",3-room,LUN
"Соломянський район. Петра Радченка 8. 3 кімнатна квартира з ремонтом по вулиці. Цегляний будинок. Середній 9 поверх. Загальна площа 70.4м2, житлова 42.2м2. Зручне планування, три окремі кімнати, на підлозі паркет, кухня 8.2м2. Роздільній с\в. Бойлер, Замінена проводка, повірені лічильники. Великий балкон на дві кімнати та кухню. Чистий підїзд, 2 ліфти. Завжди знайдеться місце для паркування. Поруч магазини, Нова Пошта, Зупинка транспорту.
Держпрограми не розглядаємо.",3-room,LUN
"Пропонується до продажу простора, світла та неймовірно затишна 3-х кімнатна квартира площею 94 кв.м, у Солом’янському районі. 

Квартира у відмінному стані, повністю укомплектована та готова до комфортного проживання. 
Переваги квартири: Розташована на 10-му поверсі( поверх закритий на СКД)
 Сучасне планування, додатково утеплена, світлі та просторі кімнати, є окрема гардеробна кімната. 
 Всі необхідні меблі та техніка вже в квартирі. 
Сучасна система очищення води+ окремий фільтр для питної води. Тепла, світла, доглянута ( є тепла підлога).
Закрита територія будинку з охороною та відеоспостереження 24/7. На території будинку є кафе, магазини, салони та дитячий садок. Також в будинку є дворівневий підземний паркінг. 
Поруч великий зелений парк- чудове місце для прогулянок та відпочинку.",3-room,LUN
"Продаж видової 3-кімнатної квартири в ЖК Tetris Hall 2, вул. Івана Федорова, 2а, центр, Печерськ.
Без комісії. Пряма пропозиція від власника, СПП, є відеоогляд. Обладнана інвентором. Пряцює при відключені опалення/вода/ліфти.

У продажу — унікальна 3-кімнатна квартира площею 110 м² в одному з найпрестижніших житлових комплексів Києва — Tetris Hall. Будинок із басейном на даху, лаунж-зоною та панорамними терасами — символ сучасного стилю та комфорту в самому серці столиці.

Про квартиру
Квартира розташована на 18-му поверсі, із панорамним видом на НСК «Олімпійський» та історичну частину міста. Виконано новий дизайнерський ремонт за індивідуальним проєктом.
Усе абсолютно нове: меблі, техніка, освітлення та декор — від провідних світових брендів.

Планування
Простора кухня-вітальня з виходом на великий балкон
Майстер-спальня з гардеробною кімнатою та власною ванною
Кабінет / дитяча / гостьова кімната
Гостьовий санвузол із гігієнічним душем

Оснащення
Преміальні двері, паркет, плитка, сантехніка
Сценарне освітлення, автоматичні штори та жалюзі
Сигналізація, відеоспостереження, обладнана інвентором.
Відеоогляд квартири доступний за запитом


Про комплекс
Tetris Hall 2 — закрита й охоронювана територія з інфраструктурою для комфортного життя:
Дитячий садок “Академія А” на території
Зелений двір із дитячими та спортивними майданчиками
Власний фітнес-зал і дитяча кімната
Підземний паркінг, укриття
Сучасне лобі понад 700 м²
Лаунж-зона з басейном і BBQ на даху
При відключенні працює опалення/вода/ліфти.

Ця квартира — ідеальний варіант для тих, хто цінує естетику, статус і комфорт у кожній деталі.
ЖК Tetris Hall — місце, де життя набуває стилю.

Зв’яжіться з агентством «Маяк», щоб домовитись про перегляд.
Для колег-рієлторів — СПП, звертайтеся.",3-room,LUN
"Дворівнева квартира із зимовим садом у серці Подолу, 
Нижній Вал 27-29, 
5/6 поверхи, 
126 м.кв.
Історичний центр Києва, Поділ.

Новобудова, неймовірний вигляд з балкону - на Андріївську церкву, Софійський та Михайлівський Собори. 5 хв до Андріївського узвозу.
Вхід у метро Контрактова площа - прямо у внутрішньому дворі будинку.

2 майстер-спальні з санвузлами та гардеробом, кабінет, кухня із їдальнею, спортивна зона, вітальня (1 спальня та вітальня- «за трьома стінами», 2 виходи з квартири на 5 та 6 поверхи)
Унікальний зимовий сад зі скляним дахом.

Три санвузли, 
підігрів підлоги по всій площі, утеплення стін та стелі, автономне опалення, очистка води, система витяжної вентиляції, кондиціонування, система енергозабезпечення на час blackout.
Велика парковка біля будинку, ліфти, в т.ч грузовий, консьєрж, відеоспостереження. 
Пільгові тарифи 50% на електроенергію у опалювальний сезон.
Власник. Без комісії. Більше 3 років у власності.",3-room,LUN
"На продаж пропонується чудова 4-х кімнатна квартира площею 135.5 м2 в ЖК ""Новопечерські Липки"", Печерський р-н

5/17 поверх / 135.5 м2 / 3 спальні / вид на вул. Верхогляда / Печерський р-н / Звіринецька

Планування:

- Основна спальня з власним санвузлом

- 2 окремі спальні

- Санвузол

- Гардеробна

- Велика кухня-вітальня(68.9 м2)

- Лоджія

Простора квартира в самому центрі Новопечерських Липок, поруч з всією необхідною інфраструктурою комплексу.
В оренду ніколи не здавалась, проживали лише власники, має гарний косметичний стан та всі необхідні побутові пристрої.
З бонусів - гарний вид.


Окремо є в продажі є паркомісце (ціна по запиту)",3-room,LUN
"ЖК «Ренесанс»
📍 вул. Новоселецька, 10
Продаж 3-кімнатної квартири

✨ Преміальні апартаменти в автономному будинку
⚡️ Завжди є світло, опалення та вода

Характеристики:
• Поверх: 2/9
• Площа: 144 м² (житлова — 80 м², кухня — 19 м²)
• Висота стель: 3,10 м
• Двостороння квартира
• На поверсі лише 2 квартири — максимум приватності

Планування:
• Простора кухня-вітальня
• 2 спальні з власними санвузлами
• Пральна кімната + гостьовий санвузол
• Окрема гардеробна

Деталі інтер’єру:
Класика

Будинок та двір:
ЖК Renaissance Residence розташований у Посольському кварталі Печерська — одному з найпрестижніших районів Києва.
Технічні переваги та комфорт:
• Автономне опалення: 3 котельні з комп’ютерним управлінням усього 15 котлів, розділені по секціях:
✔️1 котел — опалення
✔️2 котли — гаряча вода
• Потужний генератор з Нідерландів
• Власна трансформаторна підстанція
• Сучасна система кондиціонування
• Безшумні ліфти, монолітно-каркасна технологія будівництва, стіни з керамоблоку без додаткового утеплення фасаду
• Цілодобове відеоспостереження та охорона на посту
• Підземний паркінг на 125 місць (вартість від $60 000 за місце)
• Зона очікування для гостей у кожному будинку

Комунальні послуги: 58грн/м² — включають усе.
Управляюча компанія забезпечує високий рівень сервісу, уважно реагує на звернення мешканців, дбає про будинок, сад та спільні простори.",3-room,LUN
"Нова пропозиція без комісії для покупця.

Продаж 3 кімнатної дворівневої квартири 90 м2 котра знаходиться на 9 поверсі десяти поверхового будинку.

Київська область, обухівський район, Новообухівська траса 4 км від Київа, село Ходосівка, Новий ЖК , Вулиця Леоніда Каденюка 18.

Будинок 2025 року, здан, введений в експлуатацію!!! У будинку є бомбосховище.

Всі питання по телефону

Побудований:
-червона цегла; стіна 60 см.
-утеплення — мінеральна вата.

Комунікації: 

-властна свердловина 200 м, артезіанська вода;
-світло на квартиру 8 кВт. прямі договора ( не комерційні тарифи )
-газ, встановлено, газовий 2 контурний котел, індивідуальне опалення;
-централізована каналізація.

У квартирі зроблено:
-штукатурка під чистову:
-стяжка під ламінат, або керамограніт;
-електрика; 
-розведені всі комунікації (вода, каналізація)
-встановлено газовий двоконтурний коте;
-розведено опалення;
-двокамерні вікна;
Квартира готова під чистовий ремонт.

Дуже вдале планування квартири:
-кухня-вітальня;
-3 кімнати
-2 лоджії;
-2 санвузла;
-коридор.

Квартира дворівнева також є можливість зробити дві однокімнатні квартири по 45 м2, і дуже вигідно здавати в оренду.

Двір облаштований дитячими майданчиками, зоною відпочинку, гостьовими паркінгами, встановлені шлагбауми. 

Поряд є все для комфортного проживання, розвинена інфраструктура:
-охорона, закрита територія та відеоспостереження у під’їзді, дворі, по всьому периметру;
-паркінг;
-дитячий садок, школа, та дитячі ігрові майданчики;
-секції: боксу, боротьби, гімнастика, танці, футбол, баскетбол;
-спортивні майданчики та прогулянкові алеї;
-магазини (продуктові, побутові), аптеки, пошта, салони краси, фітнес-клуб, гольф клуб;
-поруч — сосновий ліс, Голосіївський заповідник, озера, пляжі, зони відпочинку, гірки;
-амбулаторія, поліклініка;
-до Києва 4 км, 15 хвилин до Печерська.

Ціна у готовому зданому в експлуатацію будинку: 81.000 у.о. без комісії.

Запрошую на перегляд буду рад показати у будь який зручний для Вас час.",3-room,LUN
"Продаж без комісії затишної 3к квартири по вул. Братства тарасівців, 12/37, Дарницкий район, Лівий берег 

 Загальна площа 99,6 м2, житлова площа 58 м2, кухня 14 м2

Квартира розташована на 15 поверсі 24 поверхового будинку

Квартира складається з:

2 спальні кімнати 
Просторий зал
Велика кухня
Роздільний санвузол з ванною
Коридор
Засклений балкон


В квартирі відмінне двостороннє планування, всі кімнати роздільні. Простора вітальня з великими вікнами забезпечує достатньо світла та затишку, велика спальня та окрема кімната для кабінету або дитячої!


Будинок 2003 року, побудований за монолітно-каркасною технологією, взимку теплий, літом прохолодний. Під’їзд в середині двору. Наприкінці 2024 року зроблений капітальний ремонт, консьєрж, 4 ліфти. Біля будинку завжди є паркомісця, але, за потреби, є капітальний гараж за домовленістю. 

Будинок розташований в безпосередній близькості до озер та паркових зон, що робить його ідеальним місцем для життя. 

Дуже зручне розташування: до м. «Харківська» 5 хвилин пішки, поряд два торгівельні центри та фермерський ринок.


Великий досвід допомоги по купівлі квартир за державними програмами, безготівковий розрахунок:
1) Є-оселя (єОселя), єВідновлення, Сертифікат,
2) Житло для ВПО та військових (постанова 280 та інші),Держмолодь кредит.


Ціна 109000 у.о.",3-room,LUN
"Архітектора Вербицького 22/1 Дарницький район Харківська метро пішки.
Продам 3-х кімнатну квартиру по вулиці Архітектора Вербицького 22/1. Харківський масив. Дарницький район. 9-й поверх, 9 поверхового будинку 96 серії ( 10-й поверх технічний ), 102/64/9 кв.м. Квартира складається з кухні, вітальні, 3-х спален, санвузла роздільного в кафелі та 4-х балкона засклених. Житловий стан: деревяні склопакети, ліноліум, вбудована кухня, міжкімнатні двері - дерево. Броньовані двері, домофон, кабельне телебачення, інтернет.
Розвинута інфраструктура: школи, дитячі садки, ТРЦ, фітнес-клуб Спортлайф, супермаркети, ринок, поліклініка, зона відпочинку, озера, парк.
Зручна транспортна розвязка. Станція метро Харківська 10 хвилини пiшки.",3-room,LUN
"ПРОДАЖ унікальної VIP квартири в ЖК «Ярославів Град»

м. Київ, вул. Бульварно-Кудрявська, 17А

14-й поверх з 19

ПЛОЩА – 127 м.кв.

До Вашої уваги пропонується нова стильна квартира виконана за авторським проектом. Це унікальна квартира, спроектована згідно сучасних стандартів та має технологію розумного будинку. В квартирі виконаний сучасний авторський ремонт з якісної побутової техніки та меблевої фурнітури від провідних світових брендів.

ПЛАНУВАННЯ:

- Вхідна група у вигляді просторого фоє з виходом до інших кімнат;

- Пральна кімната;

- Гостьвий санвузол (душ);

- Велика кухня-вітальня з панорамним видом на місто і виходом на відкритий балкон;

- Спальна кімната;

- Спальна кімната «Master Bedroom» з екокаміном, власним санвузлом (ванна) та гардеробом;

Вдале планування дозволяє максимально ефективно використовувати кожен квадратний метр та створює необхідний комфорт і затишок.

КОМПЛЕКТАЦІЯ:

- Телевізор з технологією Smart-TV;

- Холодильник двохсекційний;

- Витяжка;

- Варильна поверхня;

- Духова шафа «Bosch»;

- Мікрохвильова піч «Bosch»;

- Кавомашина;

- Посудомийна машина;

- Пральна машина;

- Бойлер;

КОМУНІКАЦІЇ:

- ОСВІТЛЕННЯ – комбінованого типу, з розподіленням на групи та зонуванням;

- ОПАЛЕННЯ – автономне на будинок, індивідуальне по квартирі – горизонтальне (тепла підлога), вертикальна (радіаторна система) система кондиціонування;

- КЛІМАТ контроль – система кондиціювання;

- ВОДА – централізована з додатковим автономним оснащенням зовнішньої фільтрації на будинок індивідуальна система очистки та фільтрації води «Аквантіс»;

- КАНАЛІЗАЦІЯ – централізована;

- ІНТЕРНЕТ – швидкісний (оптоволокно).

Квартира оснащена новітньою технологію розумного будинку останнього покоління, яка дозволяє дистанційно через мобільний додаток користуватися всіма сервісами та комунікаціями та налаштовувати їх в різних режимах (світло, опалення, клімат, кондиціювання, відкриття ролетів тощо)

СЕРВІСИ

- ОХОРОНА – цілодобова внутрішня будинку та прилеглої території;

- ВІДЕОСПОСТЕРЕЖЕННЯ – зовнішнє та внутрішнє;

- ПРОПУСКНА система за картками;

- ВІДЕОДОМОФОН на вхід;

- ПАРКІНГ – підземний;

- УКРИТТЯ – бетономонолітна основа;

- ДВІР закритого типу з ландшавним дизайном та зоною для відпочинку;

«Ярославів Град» новий житловий квартал, з продуманою ергономікою і комплексним підходом для людей, що віддають перевагу комфортному, стильному і динамічному способу життя. Закрита територія під цілодобовою охороною. Дворівневий підземний паркінг. Зручне розташування комлексу дозволить вам швидко добиратися у діловий центр столиці та ефективно розпоряджатися своїм часом.

A29434",3-room,LUN
"БЕЗ КОМІСІЇ. Ексклюзив. ПЕЧЕРСЬК. ЖК НОВОПЕЧЕРСЬКІ Липки. Вул.Андрія Верхогляда,5.
Квартира створена з любовʼю, використанні якісні матеріали, на підлозі в кімнатах паркетна дошка, у вітальні натуральний паркет ( вишня); коридор, кухня , гардеробні та балкони,санвузли- плитка.
Кухня з панорамним видом на парк та місто, вся техніка BOSCH ( посудомиюча машинка, мікрохвильова піч, духовка), встановлено система осмос ( очищення води), великий холодильник та морозильна камера; у вітальні новий диван, електро камін, що додасть романтики Вашим вечорам; дві кімнати ( дитяча та спальня); дві великі гардеробні; два санвузли ( душ, ванна), два балкони.
ЖК НОВОПЕЧЕРСЬКІ ЛИПКИ- це один із модних та інстаграмних комплексів, де ти проживаєш своє найкраще життя; на території є: супермаркети, спортклуб , дитячі садочки, школа, нотаріус, стоматологія, клініка косметології, кавʼярні, ресторани,банк та ін.
ЦЕ ТВОЄ МІСТО, а в 10 хвилинах на авто( або в 20 хвилин пішки) БОТАНІЧНИЙ САД- для прогулянок
Ідеальний варіант, це той, що ти створив для себе сам - але саме ця квартира, може стати твоїм початком ідеального життя.",3-room,LUN
"3-кімнатна квартира в ЖК «Світло Парк», новий ремонт 

Продається простора 3-кімнатна квартира у новому жилому комплексі «Світло Парк» у Києві. Квартира після свіжого, якісного ремонту — готова для комфортного життя або здачі в оренду одразу.

Основні характеристики:
 • Площа: 77 м²
 • Стан: новий ремонт — стіни вирівняні і пофарбовані, підлога — ламінат та плитка (залежно від приміщення), якісна сантехніка.
 • Планування: 3 кімнати + кухня + передпокій + два санвузла — комфортне та зручне зонування для сім’ї.
 • Кухня: сучасний кухонний гарнітур, зручне місце під обідню зону, можливість поставити обідній стіл та холодильник.
 • Ванна/санвузол: в сучасному стилі, з новою сантехнікою, плиткою.
 • Освітлення: в квартирі встановлено сучасні світильники; наявні прилади освітлення — все нове та стильне.
 • Вікна: металопластикові, із сучасними склопакетами, що забезпечують тепло та шумоізоляцію.

Переваги житла та ЖК:
 • Новий ремонт = заощаджує ваш час та гроші — не треба додатково вкладатися.
 • Зручне планування для сім’ї або кількох мешканців.
 • ЖК «Світло Парк» — сучасний комплекс у розвитку, з тишею та комфортом, з хорошою інфраструктурою.
 • Зручне розташування: поруч є необхідна інфраструктура — магазини, транспорт, парки/зони відпочинку.
 • Квартира готова до заселення або здачі — мінімальне «входження».
 • Високий потенціал для здачі в оренду або комфортного проживання.

Ідеально підходить:
 • Для сім’ї з дітьми, яка шукає комфорт і простір,
 • Для пари або кількох людей,
 • Для інвесторів, які хочуть одразу здавати в оренду.",3-room,LUN
"Простора та світла 3-кімнатна квартира 149.3 м² з !!великою критою терасою. Є сховище та завжди є світло.

Пропонується до продажу простора дворівнева 3-кімнатна квартира у престижному будинку за адресою вул. Павлівська 26/41, Шевченківський район.

Будинок, побудований у 2003 році, має прекрасну тепло та шумоізоляцію та знаходиться в прекрасній локації, поряд з історичним центром міста, зручними виїздами з міста, в 15 хвилинах пішки від 3 станцій метро. Закрита територія, власний двір, підземний паркінг (можливе використання як бомбосховища). Світло є завжди. 

Квартира дворівнева, вхід на 09 поверсі, квартира на 10 невисокому поверсі -панорамний вид на місто. 2 квартири на поверсі. Загальна площа з терасою— 149.3м². Зручне планування• простора кухня-вітальня з виходом на терасу, спальня з окремою гардеробною кімнатою, санвузлом та побутовою кімнатою, окремий кабінет / гостьова/дитяча, 2 повноцінних санвузла (з ванною та душевою) і один гостьовий. Якісний сучасний ремонт, простора квартира з гарно продуманим зонуванням простору та освітленням. Квартира в дуже гарному стані: дорогі матеріали, техніка преміум-класу.

Розвинена інфраструктура: школи, дитячі садки, супермаркети, кафе, медичні заклади. Зручна транспортна розвязка.
Також за окрему плату пропонується паркомісце. 

Перегляди в зручний для Вас час.",3-room,LUN
"Стиль та якість неперевершеної квартири з авторським дизайном ремонту, сучасне планування: кухня вітальня, спальня, кабінет, велика гардероба кімната , ванна кімната з вікном, душова кабіна, вбудовані шафа-купе, меблі, техніка, камін, Н=3.6м, дореволюційний цегляний теплий будинок , перекриття: залізобетон, закритий двір, парковка, розвинена інфраструктура: поруч магазини, дитячі садочки, школа, поліклініка, парк Голосіівський, метро Деміївська- 3 хвилини. До центру -10 хвилин.",3-room,LUN
"Продаж квартири з якісним ремонтом.
 ЖК Новомостицько -Замковецький.
Вул. Сергія Данченка,32-А.
Три спальні, велика кухня, великий балкон, просторий коридор.
Зроблено якісний ремонт, на підлозі бельгійський ламінат -БАЛТЕРІО; кухня та коридор- плитка; сантехніка REHAU,ванна ROCA.
Квартира мебльована якісними меблями; створювалася з любовʼю, кожен міліметр квартири продуманий для комфортного проживання, багато ніш для зберігання речей; вбудована кухня, є посудомиюча машинка; нова пральна машинка з сушкою.
Квартира для молодої сім’ї, яка любить, щоб після смачної сімейної вечері, кожен міг усамітнитися у своїй кімнаті.
Приходь та переконайся на власні очі в ЕКСКЛЮЗИВНОСТІ цієї квартири.",3-room,LUN
"Без %

Продається простора 3-кімнатна квартира за адресою: Вулиця Рене Декарта, 6-А

Квартира розташована на комфортному 2 поверсі та має зручне двостороннє планування, що забезпечує гарне природне освітлення та провітрювання.

Планування:
• три окремі кімнати 18,5+14,5=14,3
• простора кухня - 7,6
• два балкони 
• роздільний санвузол

Квартира чудово підійде для сім’ї, яка цінує комфорт та функціональність.
Квартира в гарному житловому стані, заходь та живи, на полу лінолеум, санвузол плитка. Зручне розташування будинку, тихий двір та розвинена інфраструктура поруч. М. Нивки 5 мін пішки.

Телефонуйте для детальної інформації та перегляду квартири. Ключі на руках, перегляд у зручний для вас час.
Програми не розглядаємо.

Торгуємось до купівлі!",3-room,LUN
"Будинок з повною автономією, авторським дизайном та каміном у самому Києві!

• Будинок — 357 м²
• Ділянка — 6 соток

Збудований за високими стандартами енергозбереження та має повністю автономну систему живлення. Встановлено 40 сонячних панелей, 3 інвертори та 4 літієві накопичувачі, що дозволяє будинку працювати безперебійно 24 години.

В інтер’єрі використані преміальні матеріали: італійська плитка, горіховий паркет, німецька сантехніка Grohe, HansGrohe та Villeroy & Boch. Центральним елементом вітальні є діючий тристоронній камін.

Майстер-спальня має власну гардеробну та ванну кімнату з виходом на балкон, а також окремий доступ до дитячої кімнати.

У будинку передбачено:
• окремий спортивний зал
• сауну
• робочий кабінет
• дві гардеробні
• гостьовий санвузол
• окрему пральну кімнату

На ділянці облаштована тераса та зона барбекю. 
Є гараж і додатковий паркінг на 2 автомобілі.

Будинок підключений до центрального водопроводу та каналізації.
Встановлено броньовані склопакети з додатковим рівнем захисту.

Територія обслуговується повним консьєрж-сервісом.",house,Flatfy
"резиденція 575 м² у тихій, закритій частині Печерська — 3 хв до Ботанічного саду
Сучасний будинок серед дипломатичних вілл та природного ландшафту. Архітектура в стилі урбан-лаконізму з акцентом на простір, геометрію та натуральні матеріали. Високі стелі 3+ м, вільне планування, оздоблення деревом і каменем створюють атмосферу спокою та статусу.
Продумане планування:
 • 3 житлові поверхи + цоколь
 • Ліфт, що з’єднує всі рівні
 • 4 спальні, включно з майстер-спальнею та терасою
 • 7 санвузлів із преміальною сантехнікою
 • Вітальня з діючим каміном
 • Простора кухня з виходом у внутрішній двір
 • Гараж на 2 авто з прямим входом до будинку

У цокольному поверсі — критий басейн, сауна, технічне приміщення та окремий блок із можливістю облаштування укриття. Закрита територія з ландшафтним дизайном",house,Flatfy
"Камерний комплекс таунхаусів на вул. Вітавська, 32 у зеленій частині Голосіївського району пропонує лише 7 будинків за двома типовими проєктами площею 100 та 120 кв.м.  Комплекс спроєктований у сучасному архітектурному стилі з використанням лаконічних форм та натуральних матеріалів. Прямі лінії, відсутність зайвих елементів декору, контрастний фасад, в якому поєднуються коричневий та молочний кольори. Кожен будинок має окремий вхід, приватну терасу, два паркомісця, прибудинкову ділянку 0,5-1,5 сотки, продумані планування, панорамні вікна.  У ході будівництва використані екологічно безпечні матеріали й сучасні методи підвищення енергоефективності будівель: стіни з газоблоку, утеплення пінополістиролом, вікна з енергоощадним склопакетом. Кожен таунхаус – незалежна інженерна система: власний септик, індивідуальний насос, окремі лічильники електроенергії, підключення газу, можливість встановлення сонячних панелей. Такий підхід забезпечує автономність, енергоефективність та контроль експлуатаційних витрат.  Територія закрита та контрольована. Обмежений доступ забезпечує приватність та безпеку мешканців. Простір організований таким чином, щоб зберегти відчуття камерності, тиші та низької щільності забудови.  Інфраструктура  Комплекс таунхаусів на вул. Вітавська, 32 знаходиться у зеленій частині Голосіївського району – перед Конча-Заспою, але в межах міста Києва. Проєкт створений для тих, хто шукає баланс між природою та діловою активністю столиці. Це формат приватного життя біля води та лісу без компромісів щодо транспортної доступності.  Комплекс розташований у тихій прибережній зоні з власною набережною та прямим виходом до річки. Навколо сосновий ліс, чисте повітря та природний ландшафт. Водночас центр міста залишається у межах 15–20 хвилин на авто. До найближчої станції метро «Видубичі» дорога займе 7 хвилин, до Печерська – 15 хвилин, до Хрещатика – 25 хвилин.  Вся необхідна зовнішня інфраструктура знаходиться в безпосередній близькості, забезпечуючи максимальний комфорт.У пішому доступі від таунхаусів працює продуктовий магазин topМаркет. 6 хвилин на авто займе дорога до супермаркетів «Фора» та «АТБ». За 8 хвилин можна дістатись великих ТРЦ «Атмосфера», ТРЦ «Арт Молл» та ТРЦ «Домосфера». Близько 15 хвилин їхати до аутлет-містечка «Мануфактура» з бутиками, ресторанами, кондитерськими та кафе, а також дитячим розважальним центром «Дакленд» та ігровим майданчиком. Поряд з аутлетом знаходяться фітнес-клуб, боулінг, стрілецький тир, кінотеатр «Баттерфляй Кантрі». Там же є гіпермаркет «МегаМаркет», готель і медична клініка. Трохи далі розташований великий меблевий центр «Аракс».  З навчально-виховних закладів для дітей в окрузі працюють дитячий садок Hello Kids, ясла-садок № 305, школа № 151. За медичною допомогою можна звернутися до амбулаторії сімейної медицини № 9 за 3 хвилини на авто або до приватних медичних центрів неподалік. Це дозволяє поєднувати заміський комфорт із повноцінною міською інфраструктурою.  Осо бливості розташування у зеленій частині Голосіївського району  власна набережна та прямий вихід до річки  всього 7 будинків  панорамні вікна  окремі входи в кожен таунхаус  приватні тераси  2 паркомісця для кожного будинку продумані функціональні планування  повна автономність  закрита та контрольована територія",house,Flatfy
"Продам будинок на чорній горі у Печерському районі. Будинок з новим дизайнерським ремонтом 4 спальні, простора кухня-студія 75м2, підземний гараж, ліфт, Стильний та сучасний ремонт, Зручна локація, поруч супермаркет Новус-5 хв. до метро Дружби народів 7 хв",house,Flatfy
"Без комісії, СПП 1%, Є-оселя, Є-відновлення, сертифікати, ваучери. 

ВЕЛИКА ПЕРЕВАГА - земля під будинком - 5.5 соток, далі 8 соток огороженої не приватизованої землі, якою користувались тільки минулі власники ділянки, вхід на ділянку тільки з території цього будинку. 

Продаж від забудовника з великим досвідом роботи, 50+ зданих будинків на сьогодні. Будинок зданий в експлуатацію.

Продам якісно побудований двоповерховийй енергоефективний будинок з керамічної цегли площею 150м2 на ділянці 5.5 соток в Києві, район Борщагівки, вулиця Якова Качури, два заїзди з Окружної дороги, зручна локація. Будинок має окремий заїзд з вулиці, стоїть на другій лінії від дороги, можна зробити велику криту парковку. Газ поруч, вулиця газофікована. Своя скважина, каналізація септик, можна врізатись у міську каналізацію. 

Будинок енергоефективний і дуже теплий:
- стіни з керамічного блоку; ззовні утеплювач 150мм.;
- фундамент з бетону м350;
- фасади будинку системи Ceresit + елементи декору з клінкерною плитки ;
- висота стелі 3-3,2м;
- дах накритий вальцовочним металом + утеплений мінватою товщиною 200 мм.;

Перший поверх - кухня-вітальня 33 кв з виходом на криту терасу, кімната 12 кв., гардеробна, санвузол, топочна. Другий поверх - спальні 19; 19; 13 кв. , ванна 10 кв, гардеробна. Зручні сходи, є місце під сходами для підземного сховища. Можна зробити сауну на другому поверсі.

Електрифікація: 3 фази 10 кВт по прямому договору з ДТЕК (заведено в будинок)
Опалення: індивідуальне від електрики (базово), також є можливість підключити ГАЗ (труба біля будинку).
Каналізація - бетонний переливний септик з кілець 8м3.
Водопостачання з власної скважини.

Пропонуємо додатково виконати якісні підготовчі роботи - електрику, теплу підлогу, штукатурку, розведення кондиціонерів та опалення.
Перегляди в любий час, ключі на руках.
169000 доларів.",house,Flatfy
"Продаю свій одноповерховий будинок! Є проєкт будівництва та дизайнерський ремонт. Будинок будувався для себе !!! Ділянка 9 сотих із виходом в Біличанський парк, виконаний автополив, ландшафт. На території навіс на кілька автомобілів та господарське приміщення 20 м2. Територія під охороною є відеонагляд. Тераса 20 м2 з видом на ліс та садовими меблями. В будинку є експлуатаційне горище з окремим входом з вулиці. Будинок повністю енергонезалежний, стоять сонячні панелі та акумулятори на накопичення електроенергії + «зелений тариф». Септик переливний 14 м3, свердловина з правильним оснащенням 55 м. Також в будинку є підвал з окремим виходом. Будинок складається з 3 х житлових кімнат, кабінета та гардероба, 2 сан вузли (душова та ванна окремо) велика кухня вітальня + кладова кімната і котельня. Встановленні всі потрібні очистки води. Вся сантехніка Grohe, Kludi та Vileroy Bosh. Опалення і охолодження від теплового насоса 21 кВт. Є рекуперація повітря. Камін із вентиляційними виходами в кожну кімнату. Виконаний якісний ремонт з дорогими меблями. Шпоновані міжкімнатні двері. Будинок знаходиться в місті і одночасно посеред мальовничої природи (поряд ліс, Біличанський парк та каскад озер поблизу). Власник ! Без комісії ! Пишіть , дзвоніть , домовимось про перегляд.",house,Flatfy
"🏡 Новий будинок з дизайнерським ремонтом на Осокорках


📍 Розташування:
До метро Славутич — 8 км
Тиха, затишна локація з хорошим підїздом і закритою територією

📐 Площа будинку — 145 м²
🌿 Ділянка — 5 сотки
▪️ Сучасний ландшафтний дизайн
▪️ Автополив
▪️ Зона барбекю
▪️ Можливість добудови басейну

Планування:
- вхідна группа (3.93 м2)
- кухня (10.28 м2)
- гостьова кімната (27.87 м2)
- коридор (11.81 м2)
- топкова (5.04 м2)
- спальня (15.56 м2)
- санвузол (6.47 м2)
- спальня (16.95 м2)
- спальня (16.96 м2)
- санвузол (3.46 м2)
- закрита тераса (17.85 м2)

🔌 Комунікації:
— Газ
— Свердловина 70 м
— Септик з переливом і дренажним полем (2 кільця)
— Електрика 21 кВт, 3 фази (прямий договір із ДТЕК)

🚗 Парковка на кілька авто
🔒 Закрита територія, спокій і безпека


📞 Телефонуйте зараз:
+38 [телефон скрыт]",house,Flatfy
"Продаж цегляного будинку 500м2в місті Києві для великої родини!
Будинок, в якому Ви можете створити Ваше родинне гніздечко, реалізувати всі свої дизайнерські фантазії!
Введений в експлуатацію, засклений , повністю облаштований дах та гараж, зроблений ремонт у великій кімнаті-кухні, с/в. 
Земельна ділянка 5,6 соток (під житлову забудову), 200 метрів в пішій доступності - метро Осокорки.
5 рівнів будинку, в якому є:
 - цокольний поверх (котельня, утриття)
- 1 поверх( гараж, 2кімнати ,с/в)
- 2 поверх (3 кімнати, 3с/в, балкон)
- 3 поверх (4 кімнати, 2 с/в, балкон)
- 4 поверх (кімната з відкритою оглядовою терасою з прекрасним видом на Київ).
Комунікації:
- електроенергія 30кВт (день/ніч)
- газопостачання 
- свердловина
- септик (переливний).
Просторий гараж на 2 авто, с/в, є зарядний пристрій під електрокар + паркомісця поруч з будинком.
Вулиця забудована, проживають сусіди. Асфальтований підїзд.
Більше інформації – по запиту.
Краще один раз побачити!
Без комісії!
Ціна 390 000 дол США.",house,Flatfy
"Sвій Dім 3 – це масштабний комплекс таунхаусів від будівельної компанії Smart Development, який реалізують в затишному передмісті столиці, с. Софіївська Борщагівка. Комплекс виокремлюється на тлі інших концепцією «4 стихії» та власною зручною інфраструктурою.  На загальній площі 6.5825 га розміщено 435 комфортабельних котеджів із різним плануванням. Сучасні й затишні будинки виконані в єдиному архітектурному стилі, а декілька поверхів збільшують корисний простір і дозволяють розділити зони для відпочинку, роботи та проживання.  Майбутнім мешканцям пропонують двоповерхові та триповерхові таунхауси площею від 57.22 до 105.52 квадратних метрів. Поруч з кожним будинком власне паркомісце й невелика земельна ділянка, на якій можна облаштувати сад, майданчик для дітей або зону для барбекю.  Комплекс таунхаусів Sвій Dім 3 має огороджену територію, охорону та відеоспостереження, що підвищує безпеку мешканців.  Інфраструктура   Комплекс таунхаусів Sвій Dім 3 розташований в мальовничому місці в оточенні природи. Це район з більш чистим повітрям, ніж у місті. Природа та зелень навколо сприяють кращому самопочуттю та здоров'ю. Безперечною перевагою комплексу є наявність власної інфраструктури. Для вашого здоров’я на території планується сучасний спортзал, а також спортивний майданчик просто неба. Відпочити за філіжанкою смачної кави можна буде, не виходячи за межі комплексу, у місцевій кав’ярні. Забудовник потурбувався про всіх, тому спроєктував дитячі майданчики й сквери, а для чотирилапих мешканців – майданчик для вигулу тварин.  Таунхауси Sвій Dім 3 розташовані на околиці столиці у с. Софіївська Борщагівка, що дозволяє швидко добиратися до Києва, при цьому насолоджуючись більш спокійним і зеленим середовищем повсякчас. Це чудова можливість відпочити від галасливого міста та швидкого темпу київського життя, організувати сімейний відпочинок з дітьми, знайти усамітнення без відриву від роботи та навчання. До найближчих станцій метро їхати лише 15 хвилин. Поряд дві станції метро - Академмістечко та метро Житомирська. Зручна транспортна розв'язка дозволяє легко доїхати до міста Київ, як на власному автомобілі, так і на громадському транспорті. За 5 хвилин пішки зупинка автобусних маршрутів №374, №742, №769 та №796, які підвозять до вул. Васильківської та станції метро «Академмістечко».  Навколо комплексу Sвій Dім 3 активно зростають нові житлові комплекси, завдяки чому район Софіївська Борщагівка активно розвивається. Поруч розташовані всі необхідні для комфортного життя інфраструктурні об'єкти. Близько 5 хвилин пішки до найближчого супермаркету «АТБ», 12 хвилин до ТРЦ «EUROпарк» з супермаркетом«Сільпо», бутиками, магазинами техніки, спортивних та дитячих товарів, різноманітними сервісами, зоною фуд-корту, кінотеатром «FILMAX», сімейним парком розваг «KIDS LAND». Поряд знаходяться магазини «Будівельний Двір» і «Unit B», де можна придбати все необхідне для ремонту та облаштування оселі. Дорога до гіпермаркету «FOZZY Вишневе» займе 12 хвилин на авто.  В окрузі достатньо і навчально-виховних закладів для дітей. За 4-9 хвилин на автомобілі працюють приватні дитячі садочки «5 сов», Монтессорі простір «МонтеКідз», «Левенятко», «Мама Маша», «Веселка», FunKids та творча Студія «Акварелька». До Софіївської гімназії «Софіленд» автомобілем 5 хвилин, приватної школи «Нова ера» та Новософіївського ліцею - 6 хвилин. Для позашкільних занять в окрузі є музичні школи, школа мистецтв, школи іноземних мов тощо.  Якщо необхідна медична допомога, то в окрузі розташовані лікарня, дитяча поліклініка, амбулаторія сімейної медицини та декілька приватних медичних центрів.  Таунхауси Sвій Dім 3 оточені простором для різноманітного дозвілля: мешканці можуть насолоджуватися пішими прогулянками, велосипедними поїздками, плаванням, риболовлею та багатьма іншими видами активного відпочинку.   Особливості  Розташування в ближньому передмісті столиці  Власна інфраструктура  Великий вибір площ та планувань  Прибудинкова ділянка, власне паркомісце  При будівництві використані виключно якісні матеріали  Енергоощадні вікна  Автономне водопостачання  Т ериторія містечка огороджена парканом та знаходиться під охороною  Дитячий та спортивний майданчики на території",house,Flatfy
"🏡 Дуплекс в Осокорках — 114 м² · Заїзд сьогодні · $170 000

Закрита охоронювана територія, тиша, озеро Святище за кутом — і при цьому ти в Києві. Продаж від власника, без комісії.

Будинок, у який можна заїхати вже сьогодні. 114 м², авторський ремонт, повністю мебльований та укомплектований технікою. Не потрібно нічого докуповувати, ремонтувати чи чекати — це готовий дім.

На першому поверсі — простора кухня-вітальня з каміном і панорамними вікнами, вихід на терасу з зоною барбекю та мангалом. Окрема котельня, санвузол. На другому — дві великі спальні з гардеробними, санвузол з ванною та душовою кабіною.

Будинок повністю автономний і не залежить від міських комунікацій: свердловина 75 м, септик з переливом, електрика 15 кВт, інвертор 5 кВт і генератор. Витримає будь-який блекаут.

З комфорту є все: тепла підлога, камін, кондиціонер, Wi-Fi, відеоспостереження, автоматичні ворота, навіс для авто. З побутової техніки — посудомийна та пральна машини, холодильник, духова шафа, варильна панель, мікрохвильова піч.

Інфраструктура в пішій доступності: супермаркет, аптека, дитячий садок, лікарня, ресторани, пляж. Поруч — озеро Святище і готельно-ресторанний комплекс Osocor Residence.

Сайт-візитка обʼєкту: https://osocorky.netlify.app/

Ціна: $170 000. Можлива розстрочка.",house,Flatfy
"Без комісіі! Найкраща пропозиція на ринку Києва ЦІНА -ЯКІСТЬ.Один з кращих проектів будинків у якісному та дорогому виконанні.
Продам новий двоповерховий будинок з червоної цегли на рівній прямокутній ділянці у Києві, Борщагівка.

Площа будинку 150 кв. ; площа ділянки 6 соток.
Електрика - 10 кВт, три фази; газ - вздовж будинку.
Вода - власна скважина; каналізація септик, є центральна каналізація.
Будинок - енергоефективний, керамічна цегла, зовнішнє утеплення.
Дах з вальцовочного металу, утеплений мінватою.
Тераса накрита, дах підшитий металом під дерево.
Фундамент - монолітна плита з бетону М350;
Є підвал під сходами для сховища.
Виконані внутрішні штукатурні роботи, розведено електрику.

В будинку три спальні на другому поверсі, є окрема кімната на першому, два санвузли, дві гардеробні, кухня-вітальна 40 кв.м з панорамними вікнами та виходом на терасу, хозблок.
Будинок повністю огорожений, є автоматичні відкатні ворота, покладена тротуарна плитка зовні та на території, стовбчики паркану обшиті.
Можливо замовити додаткові ремонтні роботи.
Вартість будинку 175000 доларів.",house,Flatfy
"Таунхаус у Києві біля озера — 120 м² | Осокорки

Жити в Києві та мати власний двір — реально.
Сучасний 2-поверховий таунхаус у тихих Осокорках, всього 4 км до метро Славутич і 300 м до озера Мартишів.

Ідеальний формат для сім’ї, яка хоче простір, природу і місто одночасно.

Локація

• Осокорки, Київ
• 4 км до метро Славутич
• 300 м до озера Мартишів
• Власний задній двір
• Паркомісце біля будинку

Характеристики

• Площа будинку — 120 м²
• Ділянка — 1.5 сотки

Планування

1 поверх:
кухня-студія, санвузол, котельня, гардероб, коридор

2 поверх:
3 спальні + санвузол
майстер-спальня зі своїм гардеробом

Якість будівництва

• Фундамент: палі + стрічка + монолітна плита
• Стіни: газоблок 300 мм + утеплення 100 мм
• Перекриття та сходи — моноліт

Комунікації

• Свердловина
• Власний септик
• Електрика 15 кВт (день/ніч)

Це формат квартири, але з землею, паркуванням і відчуттям власного будинку",house,Flatfy
"Продається новий сучасний будинок у Києві, Дарницький район (Бортничі).

Будинок 220 м² + гараж 55 м² з кладовою на ділянці 10 соток. Будувався для себе з якісних матеріалів.

Лише 7 хвилин на авто до метро Бориспільська. Тиха асфальтована вулиця, хороші сусіди.

Комунікації: електрика, свердловина 77 м, власна каналізація.
Автоматичні ворота в гараж, огороджена територія.

Планування:
1 поверх — простора кухня-вітальня з виходом на терасу, котельня, санвузол.
2 поверх — master bedroom, гардеробна, санвузол, 3 кімнати.

Додатково — велике горище.
По вулиці йде газ
Заведено 7 квт світла

Є багато матеріалів які можна використовувати.
Є відео огляд

89.900$ без комісії 
Документами більше 3х років
Готові під гривневі програми
Телефонуйте для детальної інформації та перегляду.",house,Flatfy
"🏡 Продаж сучасного будинку в Києві, Осокорки — поруч із пляжем Osocor 🌴

Будинок 140 м² на ділянці 10 соток у комфортній та закритій вулиці серед нових сучасних будинків.

📍 Локація:
• поруч пляж Osocor та зони відпочинку
• тиха закрита вулиця
• сучасна забудова та хороші сусіди
• зручний виїзд до міста

🏠 Планування:
1 поверх:
• кухня-студія з виходом на засклену терасу
• санвузол
• гардеробна

2 поверх:
• 2 окремі спальні
• одна спальня з власним балконом
• санвузол

🔥 Комфорт та оснащення:
• водяна тепла підлога
• електрокотел
• встановлений інвертор та акумулятори
• газ уже підводиться до будинку — можливе підключення газового котла
• натуральний дров’яний камін

☀️ Тераса:
• велика засклена тераса 20 м²
• встановлена розсувна система
• у теплий період можна повністю відкривати — комфортний простір для відпочинку влітку

🚗 Паркування:
• навіс на 2 авто
• додаткове місце під будівництво гаража
• відкрита площадка біля будинку ще на 2–4 автомобілі

Будинок чудово підійде для комфортного проживання поруч із природою та водою 🔥

📲 Усі питання — пишіть або телефонуйте:
Олексій Майборода
050-193-83-00",house,Flatfy
"«TARASIVKA FORREST» - котеджне містечко закритого типу в селі Тарасівка Фастівського району Київської області. Проєкт реалізує будівельна компанія «Контакт». Майбутнім мешканцям пропонують 40 таунхаусів п'яти типів, щоб ви могли обрати максимально комфортне планування житла. Використання залізобетонних плит та залитого армопоясу в будівництві таунхаусів забезпечує високу міцність, довговічність і стабільність будівель. Ця технологія дозволяє створити надійні та комфортні житлові приміщення, що відповідають сучасним стандартам будівництва. Кожен таунхаус має огороджену земельну ділянку та паркомісце. Загальна територія КМ «TARASIVKA FORREST» закрита від сторонніх, освітлена, знаходиться під відеоспостереженням. Інфраструктура Котеджне містечко «TARASIVKA FORREST» знаходиться серед озер та лісу неподалік від столиці в селі Тарасівка Фастівського району. Життя в заміському будинку, оточеному природою, може бути чудовим варіантом для тих, хто прагне знайти гармонію і спокій, насолодитися красою навколишнього світу і покращити якість свого життя. Мешканці КМ «TARASIVKA FORREST» зможуть оцінити переваги заміського життя з легким доступом до інфраструктури великого міста. З Києва можливі три варіанти підʼїзду до містечка: від станції метро Теремки, через Одеську трасу; зі сторони Крюківщини та через Боярку. Дорога займає близько 20 хвилин. До залізничних станцій «Боярка» та «Тарасівка» дорога на авто займе 11 хвилин, до Залізничного вокзалу столиці – 37 хвилин. Найближчі супермаркети «Фора», «Лоток», «АТБ» знаходиться за 8-10 хвилин автомобілем. Більше об'єктів зосереджено вздовж Одеської траси. До супермаркету «Сільпо» їхати 12 хвилин, на 5 хвилин довше до гіпермаркету «Мегамаркет». До столичного ТЦ «Магеллан» автомобілем їхати близько 22 хвилин, а за 25 хвилин від КМ «TARASIVKA FORREST» знаходиться ТРЦ «Respublika Park» з великою кількістю магазинів різної спрямованості, фудкортом, ресторанами, кінотеатром та унікальним технологічним парком розваг «NEOPOLIS». З навчально-виховних закладів в межах 6-10 хвилин на автомобілі працюють ясла-садок «Берізка», дитячі садочки «U.C.S.A Kids», «Родинний», «Вертлявий хвостик», «Лада Ладушка». Для школярів за 10 хвилин автомобілем працюють загальноосвітні школи с. Тарасівка та Боярська ЗОШ №1. За 12 хвилин можна відвозити дитину до школи усної лічби «Соробан». За медичною допомогою до Центру первинної медико-санітарної допомоги, дитячої лікарні та медичного центру «Family Clinic» в Боярці 12 хвилин на авто. В сусідніх селищах також працюють приватні медичні центри та державні амбулаторії сімейної медицини. За 9 хвилин на авто від КМ «TARASIVKA FORREST» розташований Центр Оптимального Здоров'я «Сезам», до найближчої спортивної зали «Атлетика» автомобілем теж 9 хвилин. В пішому доступі від котеджів є хвойний ліс та каскад озер. Особливості розташування в затишному передмісті столиці 5 типів таунхаусів стіни з газобетону, утеплення - пінополістирол опалення індивідуальне — електричний котел земельна ділянка та паркомісце паркан по периметру з воротами, тротуарна плитка відеоспостереження",house,Flatfy
"Продаж двоповерхового будинку біля Osocor Residence, Осокорки

Просторий будинок площею 150 м² на ділянці 6 соток — ідеальний варіант для сім’ї, яка цінує комфорт, тишу та близькість до природи.
Можливе розтермінування!
Ремонт буде готовий протягом місяця.

Планування:
1 поверх: кухня-студія, гардеробна/кімната, технічне приміщення, санвузол.
2 поверх: майстер-спальня з гардеробом, + 2 окремі спальні, санвузол.

Технологія будівництва:
• стіни керамоблок
• утеплення мінеральна вата
• усі основні комунікації заведені: свердловина 70 м, септик, електрика, ГАЗ
• всередині виконано розведення електрики та штукатурка
• на території навіс на 2 авто

Локація, що коштує уваги:
— 2 хв пішки до озера Святище
— 2 хв до продуктового магазину
— 15 хв пішки до зупинки транспорту
— 5 хв на авто до Фора
— 12 хв до метро Славутич

У 200 м — Osoc Residence, Osoc BBQ, Osoc Village
Доступ до пляжу через Osoc BBQ — безкоштовний.

Телефонуйте для перегляду
05*********00 — Олексій Майборода (AnzheEstateHomeInvest)
Прямий продаж. Без комісії.",house,Flatfy
"вул. Звіринецька, 24 А 🌟 ЕКСКЛЮЗИВНА ПРОПОЗИЦІЯ! 🌟

Домоволодіння в центрі Києва – Печерськ Посольский квартал
 
 📐 Площа: 637 м² / житлова 218 м² / кухня 15 м²
📏 Ділянка 10.3 сот правильної форми без нахилу, 
гараж на 3 авто. 
6 спален
5 санвузлів
3 гардеробні кімнати

✨ Унікальні переваги, що варті уваги найвибагливішого покупця:
 • Безперечне і статусне сусідство з посольствами та престижними домоволодіннями – приватність, безпека та спокій у центрі столиці.
 • Сучасний стиль фасадів та ремонту, продумане планування: вітальня з висотою стелі 7 м, широкі сходи, відкритий простір, зонування приміщень.
 • Видова крита тераса на даху з неймовірним краєвидом на ботанічний сад та зелені пагорби Києва. 
 • Власна зона дозвілля: більярдна, СПА, спортзал, домашній кінотеатр, камін.
 
🔑 Основні характеристики:
• Статус: будинок введений в експлуатацію, має всі дозвільні документи, проєкти та іншу документацію.
• Комунікації: міська каналізація, газ, електрика 45 кВт, центральний водопровід.
 - Оздоблення:
▪ фасад з натурального граніту та піщанику
▪ вікна і двері з червоного дерева з енергозберігаючим склом 
▪ мідна покрівля – служить понад 150 років без втрати властивостей (саме під міддю багато європейських соборів стоять вже сотні років).
 
 ⁃ Інженерні системи:
▪ “розумний будинок”
▪ відеонагляд і охоронна сигналізація
▪ центральна система очищення та кондиціонування повітря
▪тепла підлога
▪ централізована система видалення пилу
▪ автоматичний контроль освітлення, температури та вологості
▪плита газова
▪два газових котли Viessmann для опалення та гарячого водопостачання, 
▪фільтрація води

📍 Планування для комфортного життя та прийому гостей: 
🔹 підвал/укриття 24 кв.м. 
🔹цокольний поверх: більярдна, сауна та джакузі, кімната відпочинку, санвузлол та пральна кімната
🔹1-й поверх: вітальня з висотою стелі 6.7 метрів та каміном, обідня зона, кухня, передпокій з гостьовим санвузлом, дві спальні (одна з санвузлом та гардеробом) та гардеробна кімната 
🔹 2-й поверх: три спальні з санвузлами (одна - з видовою терасою), кабінет з висотою стелі 5,7 метрів та антресоллю, облаштований спортивний зал
🔹 мансарда: домашній кінотеатр, житлова кімната, котельня
🔹на даху крита видова тераса


🏡 Рік будівництва: 2009 
Фундамент – бетон, перекриття – залізобетон, стіни – цегла.

💎 Це не просто будинок – це інвестиція у ваш статус, комфорт та майбутнє сім’ї . 

📞 Телефонуйте, щоб домовитись про перегляд і відчути атмосферу цього маєтку наживо!

Будинок та двір:
Ділянка 10.3 сот правильної форми без нахилу, за будинком будинок для садового інвентарю . Також є місце для розміщення на вулиці місця для відпочинку .
гараж на 3 авто. 

Планування:
📍 Планування для комфортного життя та прийому гостей: 
🔹 підвал/укриття 24 кв.м. 
🔹цокольний поверх: більярдна, сауна та джакузі, кімната відпочинку, санвузлол та пральна кімната
🔹1-й поверх: вітальня з висотою стелі 6.7 метрів та каміном, обідня зона, кухня, передпокій з гостьовим санвузлом, дві спальні (одна з санвузлом та гардеробом) та гардеробна кімната 
🔹 2-й поверх: три спальні з санвузлами (одна - з видовою терасою), кабінет з висотою стелі 5,7 метрів та антресоллю, облаштований спортивний зал
🔹 мансарда: домашній кінотеатр, житлова кімната, котельня
🔹на даху крита видова тераса",house,Flatfy
"Будинок з генератором для сім’ї, в закритому котеджному містечку «GOA». 
В котеджі є інвертор та батареї на 6кВТ

Ідеальне місце для комфортного життя біля озера Святище , але зовсім поруч із містом.
Розумне планування та дизайнерський ремонт.

Площа будинку — 145м². 
Ділянка — 4 сотки з автополивом, зеленим газоном, голубою ялинкою та вічнозеленими рослинами.
Перед будинком облаштовані паркомісця з можливістю зарядки електрокара.

На першому поверсі:
- простора кухня-студія 40м2 з великою зоною для відпочинку та прийому гостей. 
- окрема кімната 14м2 під спальню, кабінет або гостьову. 
- просторий санвузол з душовою 6,6м2, пральною та сушильною машинкою.
- котельня з бойлером, котлом та системою очистки води
- тамбур і просторий хол зі сходами.

На другому поверсі:
- майстер-спальня 20м2 з власною гардеробною та балконом. 
- друга спальня 17 м2
- третя спальня 17 м2
- санвузол з ванною.

Котедж мебльований та укомплектований всім необхідним для життя: встановлена кухня з технікою Whirlpool , великий керамічний стіл, стільці, диван, smart телевізор Samsung , ліжка у спальнях, гардеробна система та шафи.

Будинок обладнаний усім необхідним для комфортного проживання в будь-яку пору року: встановлений електрокотел, система водяної теплої підлоги на обох поверхах з можливістю зонального регулювання температури, а також бойлер для постійного забезпечення гарячою водою. 

Якість води гарантує система фільтрації, підключена до власної свердловини глибиною 70 метрів. 
Каналізація — септик.
Електропостачання —три фази

Розташування — ще одна велика перевага:
- 2 хвилини пішки до продуктового магазину 
- 2 хвилини до озера Святище, 
- 5 хвилин на авто до супермаркету “Фора”, 
- 15хвилин пішки до зупинки транспорту, а
-12 хвилин на авто до метро Славутич .
-5 хвилин садочок
-10 хвилин Ліцей
-5хв футбольний клуб Лівий берег 
- 5хв Osocor village
-7хв Osocor 

Будинок підійде як для постійного проживання, так і як інвестиція під оренду. Закрите містечко, охайна територія та хороші сусіди — усе для вашого спокою та комфорту. Містечко заселене, останні будинки в продажу.",house,Flatfy
"🏡 Продається будинок у Печерському районі Києва
📍 вул. Товарна

Пропонується до продажу двоповерховий будинок 2003 року побудови, загальною площею 210 м² на ділянці 7.3 сотки. 
⠀
🏠 Структура будинку:
• Основна частина – 5 повноцінних кімнат
• Друга частина – однокімнатна квартира з окремим входом і власним подвір’ям
• Два окремі входи, окремі ворота та відокремлені подвір’я, розділені парканом
• Загальна площа ділянки – 7,3 сотки
⠀
🔧 Комунікації та зручності:
• Газ, централізоване водопостачання та каналізація
• Освітлення, стабільне електропостачання (відключення світла майже не трапляються)
• Два електролічильники та два газові лічильники
⠀
🌳 Локація та інфраструктура:
• Тихий, безпечний район поруч із кількома посольствами різних країн
• Зручне транспортне сполучення – метро в пішій доступності
• Поруч: NOVUS, Нова Пошта, ROZETKA, аптеки, магазини
• Дитячі садочки, школа, лікарня – все поруч
• Спокійний, затишний мікрорайон – майже як за містом, але в самому серці Києва
⠀
📞 За деталями звертайтесь у приватні повідомлення або телефонуйте. Можу надіслати Відео. Обєкт вартий уваги",house,Flatfy
"Маєток 828 м2. Розташований біля пл. Шевченка (Вітряні гори).на території ділянки ландшафтний дизайн берези,туї і блакитні ялинки, квіти, місток, струмок. Будинок з шикарним видом на озеро та парк Кінь-Сум, знаходиться в мальовничому місці міста Києва.
Серед каскада трьох природних озер
Усі комунікації та блага цивілізації у домі. Ділянка 22 сотки
Будинок збудований з цегли, якісний ремонт відповідає фото.
4 поверхи, великі зали, просторі кімнати, вітальня, кухня,
їдальня, вбиральні, тераси з чудовим виглядом.
Кришталеві люстри, гранітні сходи та хол з величезною люстрою з італійського кришталю з позолотою 22 карати.
Також є зона відпочинку, бібліотека, кабінет. Два каміни, басейн у будинку, спортзал у будинку, лазня у будинку, мармурова ванна кімната, гараж на два авто.
Броньовані двері,Басейн на вулиці, декоративний ставок. Мангал біля будинку і камін.Санвузол,душ,кухня.
Відкрите планування ""Open space"". Стелі 7 метрів. Крита веранда. Усі комунікації підключені. Доглянутий газон.
Паркувальні місця у дворі. Відеоспостереження, сигналізація,газон,
Весь маєток огороджений високим цегляно-камяним парканом. Телефонуйте та приходьте дивитись.",house,Flatfy
"Ексклюзивна пропозиція! 
Продаж просторого, автономного будинку на Осокорках — 5 км від метро Славутич.
Будинок для сімї, яка хоче жити поруч з Києвом, але мати власний простір, автономію і велику ділянку.

Локація: Осокорки, всього 5 км від метро Славутич по центральній дорозі. Зручний асфальтований підїзд і швидкий виїзд до міста.
Загальна площа будинку — 204 м² Тераса і веранда — 66 м² Ділянка — 20 соток:
• 12 соток з будинком
• поруч окрема ділянка 7,5 соток
На ділянці багато зелені, фруктові дерева і відчуття справжнього заміського простору.
Будинок побудований з червоної цегли, утеплений і оштукатурений.
Теплий, надійний і комфортний для цілорічного проживання.
Планування:
• кухня-вітальня з каміном
• 4 спальні
• 4 санвузли
• простора тераса
• веранда
• погріб
• гараж в будинку
Додатково:
• окрема господарська будівля
• сауна
Комунікації та автономність:
• свердловина 70 м
• система очищення води, насос
• газовий котел
• газове опалення
• заведено 20 кВт електроенергії (можна більше)
• переливна каналізація
• генератор
• ЕкоФлоу

Будинок повністю пристосований для комфортного життя навіть при відключенні світла.

Велика ділянка дає можливість:
• встановити басейн
• зробити ландшафтний дизайн
• побудувати гостьовий будинок
• розділити територію на два незалежних обєкти

Тиха вулиця, приємні сусіди, зручне розташування — хороший варіант як для постійного проживання, так і для заміського будинку поблизу Києва.
Додаткові переваги локації:
• поруч із будинком знаходиться зупинка маршрутного транспорту (15 хв.до метро Славутич)
• по дорозі розташовані магазини АТБ, Фора та інша необхідна інфраструктура
• поруч знаходиться Osocor Residence
• неподалік кілька озер та місця для відпочинку на природі
Право власності на землю і будинок, більше 3-х років.
Будинок знаходиться в СТ Святище

Перегляди можливі в зручний для вас час! Телефонуйте для отримання детальної інформації.",house,Flatfy
"Без комісії для покупця

Продається будинок, розташований в товаристві ""Злагода"" (Мікрорайон Осокорки), поруч КТ ""Осокор"".
Будинок 2020 року, загальна площа 170 м, з прилеглою ділянкою 4 сотки.
Повністю укомплектований дорогими меблями та технікою.
Виконаний дизайнерський ремонт з якісних матеріалів.
Поли з підігрівом, автоматизовані котли (електричний та твердопаливний), натяжна стеля, італійська плитка .
Два сан. вузли, ванна з натурального каменя.
Затишна спальня з виходом на терасу, гардеробна.
Додатково добудована тераса 35 м
Велика кухня з каміном та зоною відпочинку та виходом на красиву терасу.
Деревяна тераса з панорамними вікнами, дуже тепла.
Є септик, якісна система очистки води.
Є лічильники, сигналізація, відеоспостереження.
Встановлена батарея на 40 квт, яка забезбечує світлом весь будинок упродовж 3-х діб.

Кадастровий номер 3220882600:04:007:2254",house,Flatfy
"🏡 Таунхауси на Осокорках (Центральні, 3–6) — сучасне житло біля Дніпра

Пропонується новий комплекс таунхаусів у престижній локації Осокорки (вул. Центральні). Ідеальний варіант для життя поруч із природою, але з швидким доступом до Києва.

💰 Ціни:

Внутрішні секції (≈110 м²) — від 149 000 $ з ремонтом
Бокові секції (≈120 м², ділянка до 2 сот) — від 155 000–159 000 $ з ремонтом

📌 Додаткові витрати: ≈1500 $ (введення в експлуатацію + нотаріус)

🔹 Основні характеристики:
Площа: 110–120 м²
Ділянка: 1,5–2 сотки
Поверховість: 2 поверхи
Рік будівництва: 2025
Стан: з ремонтом — готові до проживання
Можлива розстрочка
🔹 Будівництво:
Стіни: газоблок
Утеплення: пінополістирол
Перекриття: моноліт
Фундамент: палі + стрічка
Дах: металочерепиця, утеплення — мінвата
🔹 Комунікації:
Опалення: електро
Електрика: ~5 кВт
Вода: свердловина
Каналізація: переливний септик (8 м³)
Газ: проходить по вулиці (можливість підключення)
🔹 Територія:
Ділянка у власності (садове призначення)
Паркан
Паркомісця
Асфальтований під’їзд

📄 Документи: договір купівлі-продажу
🏗 Будинки не введені в експлуатацію (є супровід оформлення)

✨ Зручне планування, новий ремонт, тиха локація біля води — все для комфортного життя або вигідної інвестиції.

📩 Пишіть у приват — підберемо найкращий варіант та організуємо перегляд!",house,Flatfy
"Продаж особняк 1450 кв.м. вул. Ярославів Вал, м.Золоті Ворота

Окрема розташована будівля 1450 кВ м
- житловий фонд
- земля у постійному користуванні ОСББ
- 1й поверх з ремонтом - здається в оренду
- 2й і 3й під реконструкцію

якщо здавати в офісному форматі - то 35 у.е. кв.м. * 400 кв.м. - поверх 14000 у.е.
(три поверхи - 42000 у.е.+ цоколь 3000 у.е. ) це місячна дохідність з оренди

при базовому вкладенні 1500 у.е. в квадратний метр у вас термін окупності 9 років (за даними орендної ставки на весну 2026 року в цьому районі)
І земля у власності ОСББ - у самому престижному та історичному районі Києва - Золоті Ворота

Під реконструкцію та надбудову 1-го поверха - за бажанням

ідеальний варіант для апартаментів, в престижному районі, як квартир для посольств так і для отельного типу.

всі комунікаціі підведені та працюють - електроенергія, центральне опалення, вода.

На ваше побажання:
- реконструкція з надбудовою, або просто ремонт та здача в оренду
- реконструкція для комерційної діяльності",house,Flatfy
"Двоповерховий житловий в будинок в закритому котеджному містечку на Оболоні. 
Будинок в стилі Hi-tech площею 537.4 м2/118.3 м2/20 м2.
Пʼять кімнати , велика вітальня, в цокольному поверсі є допоміжні господарські приміщення, гардеробна кімнати, бібліотека, спортзал. 
Сучасний дизайнерський ремонт від архітектурного бюро MACHNO. Гараж на два авто. Відкритий басейн. Відіо спостереження. Ролети. Скважина. Центральна каналізація. Ландшафтний дизайн. Басейн. Велика зручна тераса. Охорона.
Ціна 2300000 дол.
Відправлю відіо по запиту.",house,Flatfy
"#35869
Пропонується унікальний будинок загальною площею 454 м², розташований на ділянці 7 соток у приватній власності.

Будинок має три рівні: цокольний, перший та другий поверхи — продумане планування для комфортного життя всієї родини.

Цокольний поверх:
пральня
повністю обладнаний спортзал
котельня (індивідуальне опалення)
комора
додатковий (запасний) вихід

Перший поверх:
простора вхідна група
велика гардеробна
гостьова кімната з балконом
кухня
санвузол
численні зони для зберігання

Другий поверх:
дитяча спальня з власним санвузлом
затишна вітальня з каміном
гостьова гардеробна
майстер-спальня з власним санвузлом та гардеробною

На території:
гараж на 2 великі автомобілі
невелике складське приміщення
будка охорони

Додатково: поруч розташована рівна ділянка 7 соток, є можливість придбати та розширити територію.",house,Flatfy
"Вишуканий заміський будинок у котеджному містечку «Деснянський» — для тих, хто цінує простір, приватність і високий рівень комфорту.
Загальні характеристики:
• Загальна площа: 419 м²
• Ділянка: 10 соток із ландшафтним озелененням

Планування:
• 6 окремих спалень
• Простора вітальня для прийому гостей
• 4 санвузли (3 ванні кімнати та 1 душова)
• Балкон із видом на ділянку
• Простора тераса на першому поверсі

Цокольний рівень:
• 3 ізольовані кімнати вільного призначення
• 2 місткі кладові
• Технічне приміщення з бойлерною
Ідеально під зону відпочинку, спортзал, кінотеатр або систему зберігання

Комунікації та інженерія:
• Індивідуальне газове опалення
• Центральна каналізація
• Власна свердловина
• Електропостачання — до будинку заходить 3 фази по 16 кВ
• Інверторна система резервного живлення
• Кондиціонери в кожній кімнаті (клімат-контроль)

Додаткові переваги:
• Гараж та навіс для автомобілів
• Функціональні підсобні та технічні приміщення
• Доглянутий зелений сад із зоною відпочинку
• Закрита територія котеджного містечка із зарибленим озером

• Перегляди можливі у зручний час за попередньою домовленістю",house,Flatfy
"Одноповерховий дуплекс на стадії будівництва. 
Проект який сподобався багатьом.

80 м² з ділянкою до 2, 7 соток

У вартість вже входить:
централізована вода, газ, тепла підлога, штукатурка стін та розводка електрики.

Зручна локація  лише 15 км до Києва та три виїзди до міста.

Зараз можна зайти на етапі будівництва за 
Площа 80м2",duplex,DOM.RIA
"Сучасний дуплекс у Віта-Поштовій  простір для комфортного життя поруч із Києвом
Продається 2-поверховий дуплекс у Віта-Поштовій. Будинок уже введений в експлуатацію, підключені всі основні комунікації  можна одразу починати ремонт та планувати переїзд.

-Площа  139 м²
-4 окремі кімнати
-Простора кухня-вітальня
-Гардеробна
-2 балкони
-Власний гараж
-Газ заведений у будинок
-Електрика  13 кВт
- Тепла підлога : перший поверх та коридор і санвузол на першому поверсі 
-Власна свердловина 
- Септик перелітного типу, індивідуальний 
-Стан  після будівельників
-Сучасний фасад та зручне планування

Будинок світлий та просторий, з великими вікнами та гарним природним оточенням. Територія облаштована бруківкою, тихе та затишне місце для життя сімї. 
Поруч є зупинка громадського транспорту, магазини, школа, дитячий садок та красиве озеро для прогулянки та рибалки 

Віта-Поштова знаходиться всього в 10 хвилин від Києва. Це поєднання заміського спокою та близькості до міста.
Є ВІДЕООГЛЯД 

Телефонуйте для детальної інформації та перегляду.",duplex,DOM.RIA
"Продаж сучасних дуплексів у Бучі.

Комплекс складається з 6 дуплексів. Площа кожного будинку 110 м², власна земельна ділянка 2 сотки.

Планування продумане під реальні потреби сучасної родини: 3 кімнати, кухня-студія з зоною відпочинку, санвузол на кожному поверсі, два балкони.

Комунікації підведені:
- газ, 
- централізоване водопостачання, 
- електрика, 
- каналізація септик.

Продаються нові дуплекси в одному з найкращих районів Бучі. Локація для тих, хто хоче жити в місті, але без міської метушні: приватний сектор, поруч школи й дитячі садки, супермаркети, громадський транспорт, сосновий ліс і Бучанський міський парк у пішій доступності.",duplex,DOM.RIA
"Пропонується сучасний дуплекс у затишній лісовій частині Гостомеля. Локація, яка поєднує тишу, чисте повітря та швидкий виїзд до Києва. Ідеальне місце для життя без міського шуму.

Будинок побудований якісно та надійно:
монолітно-каркасна технологія
стіни  керамоблок
міжкімнатні перегородки  червона цегла
утеплення  мінеральна вата 100 мм

Комунікації:
вода  власна свердловина
каналізація  переливний септик (2 колодязі)
опалення та гаряча вода  газовий котел
система опалення:
1 поверх  тепла підлога
2 та 3 поверх  радіатори
опалення налаштоване та працює
електрика повністю розведена по будинку

Ділянка:
3 сотки
збережені дорослі сосни  природний ландшафт і атмосфера заміського життя

Планування:

1 поверх:
простора прихожа  5, 2 м²
санвузол  6, 6 м²
кухня-вітальня  48, 9 м²
(панорамні вікна, камін, вихід на задній двір)
котельня  7, 8 м²

2 поверх:
спальня  21, 4 м²
(панорамні вікна, балкон з видом у двір)
дитяча  12, 6 м² (з балконом)
гостьова  11, 3 м² (з балконом)
ванна кімната  6, 6 м²

3 поверх:
простір вільного планування  31, 1 м²
(ідеально під кабінет, майстер-спальню або зону відпочинку)",duplex,DOM.RIA
"Дуплекс у с. Хотів  комфорт заміського життя за 10 хвилин від Києва
Шукаєте не просто житло, а реальну альтернативу квартирі в місті? Цей дуплекс  саме той варіант: більше простору, власний двір і незалежність, яка особливо цінна сьогодні.
 Важливо: у приватному будинку значно легше забезпечити енергетичну автономність (генератор, акумулятори, альтернативні джерела). Під час блекаутів це не просто комфорт  це стабільність для всієї родини.
 Основне:
 Площа  90 м²
 Ділянка  0, 0250 га (кутова)
 Асфальтований підїзд + зона паркування
 Документи готові  швидка угода
 Переваги:
 Великі вікна  багато світла
 Тераса, з можливістю засклення
 Власне подвіря
 Ділянка огороджена парканом
 Планування:
1 поверх:
 Передпокій  3, 5 м²
 Вітальня з кухнею  27, 9 м² (вихід на терасу)
 Санвузол з вікном  4, 7 м²
2 поверх:
 3 спальні: 12 м² / 10, 5 м² / 8, 6 м² (з балконом)
 Санвузол з вікном (або гардеробна)  6, 3 м²
 Будівництво:
 Керамоблок
 Фальцева покрівля
 Фундамент 2 м
 Комунікації:
 Свердловина
 Електрика  10 кВт
 Септик
 Газ на ділянці.
 Локація:
 До Одеської площі (метро Теремки / Іподром), парку Феофанія та ВДНГ  10 хвилин на авто
 Поряд сучасний житловий масив з магазинами та сервісами: Фора, Новус, Лоток, Мегамаркет, Нова пошта, кафе, салони краси, аптеки, обмін валют  усе в межах 5 хвилин
 Поблизу ліс та озеро, що створюють чудові умови для прогулянок і відпочинку 
 84900 $
️ Без комісії
️ Державні програми
️ Співпраця з рієлторами
Це більше, ніж просто будинок  це простір, спокій і контроль над своїм комфортом, незалежно від зовнішніх обставин.",duplex,DOM.RIA
"Для комфортного проживання в смт. Ворзель продається будинок. Будинок дуплекс (частина виділена в одиницю), цегляний двоповерховий  з цоколем, загальною площею 150 кв.м., розташований на облаштованій земельній ділянці 4 сотки з господарськими спорудами. Будинок продається з меблями та технікою.
На першому поверсі: вітальня з каміном (35 кв.м); кухня (10 кв.м) в перспективі можливо збільшити за рахунок облаштування терасси; санвузол з гардеробною (5.6 кв. м); Висота стелі - 2.85 м.
На другому поверсі: дві спальні ( 15 та 14 кв.м); санвузол (4.4 кв.м.);
Цокольний поверх ( 40 кв.м; h=2.3 м, ) має гарну вентиляцію та опалюється. Має три функціональні зони: кімната для гри в теніс (є тенісний стіл); прохолодна комора з стелажами. Є кімнати для облаштування сауни, кімнати відпочинку та душової. Використовується як безпечне сховище. За бажанням кухню можливо перенести в цоколь.
Для господарських потреб можливо облаштувати масандровий поверх.
В будинку є всі комунікації: централізоване водопостачання з насосом для підкачки води, газ, 
електрика (три фази -15 квт; лічильник день-ніч); газовий двоконтурний котел, 
альтернативне опалення  твердопаливний котел та буржуйка;
Тепла підлога (водяний контур). 
Каналізація:  септик з переливом. В будинку встановлена охоронна сигналізація.
Асфальтований підїзд, відкотні ворота. Територія огороджена парканом.
Перший продаж. На ділянці дуби, плодові дерева, ягідні кущі. Чисте і свіже повітря.Хто бажає жити спокійно в екологічній зоні запрошуємо на перегляд.
Вартість   227 000 $. Реальному покупцю - торг.
тел. XXX XXX XXXX;    XXX XXX XXXX;",duplex,DOM.RIA
"Без%
Продається дуплекс з ремонтом та укриттям в Гатному
Метро Теремки - 5 минут. 
Зручна транспортна розв'язка. 
Ділянка 4 сотки: фруктові дерева, газон, 2 паркомісця. Гараж. Є своє укриття
Відеоспостереження. Поруч безліч озер, пляжі, Характер парк, Мегамаркет, 
кінотеатр, Епіцентр

Перший поверх  кухня-вітальня -   кв.м , санвузел, комора

Другий поверх - 3 спальні, санвузол, велика тераса, розкладні сходи на чердак-дах (житловий). 

Гараж з кімнатою відпочинку на другому поверсі

Ремонт зроблений з якісних дорогих матеріалів.
Всі меблі та техника залишаються. Заходь та живи.
Зупинка транспорту 2 хвилини від будинку

- 150 кв2 + тераса
- 4 сотки + свій сад (черешня, яблуко, персик)
- тепла підлога на 2 поверхи
- 3 спальні, 2 санвузли
- асфальтована дорога
- автоматичні ворота
- вивіз відходів
- гараж на 1 авто
- двір на 2 авто
- 2 свердловини (система фільтрації)
- біосептик (самоочищення)
- електрика + твердопаливний котел
- гігабітний інтернет
- сигналізація, відеоспостереження
- електроенергія - 15 кВт
- укриття
- хороші сусіди
- 5 хвилин до метро Теремки

Ціна: 270.000$
Без%",duplex,DOM.RIA
